frame_idx,time_ms,lane_0_prob,lane_1_prob,lane_2_prob,lane_3_prob,argmax_lane
8,92.87981414794922,0.040122099220752716,0.022424573078751564,0.5083807110786438,0.42907267808914185,2
56,650.15869140625,0.01943422108888626,0.03609555959701538,0.755416989326477,0.1890532672405243,2
102,1184.2176513671875,0.4052092432975769,0.27876418828964233,0.2667428255081177,0.049283716827631,0
291,3378.50341796875,0.059512749314308167,0.1559988111257553,0.2728372812271118,0.5116511583328247,3
390,4527.89111328125,0.04529029130935669,0.09536328911781311,0.8451540470123291,0.014192409813404083,2
437,5073.56005859375,0.02240081876516342,0.01108742319047451,0.9440865516662598,0.022425271570682526,2
485,5630.8388671875,0.38587361574172974,0.06541964411735535,0.04887716472148895,0.49982959032058716,3
532,6176.5078125,0.06936673820018768,0.010924795642495155,0.878496527671814,0.04121193662285805,2
546,6339.04736328125,0.017122400924563408,0.5798124074935913,0.38664671778678894,0.016418473795056343,1
639,7418.775390625,0.027354855090379715,0.19884760677814484,0.7555732727050781,0.018224289640784264,2
673,7813.5146484375,0.05753997713327408,0.7057712078094482,0.20013031363487244,0.03655850887298584,1
689,7999.2744140625,0.03979963809251785,0.034531403332948685,0.7323863506317139,0.19328267872333527,2
690,8010.88427734375,0.0325201116502285,0.07128545641899109,0.8214297294616699,0.07476474344730377,2
691,8022.494140625,0.015131608583033085,0.13227227330207825,0.8172632455825806,0.03533286973834038,2
819,9508.5712890625,0.013475803658366203,0.02443504147231579,0.4318295121192932,0.5302596688270569,3
842,9775.6005859375,0.26073598861694336,0.24670380353927612,0.4682113528251648,0.02434886433184147,2
866,10054.240234375,0.012595463544130325,0.32510149478912354,0.18370245397090912,0.4786006212234497,3
867,10065.8505859375,0.01025700569152832,0.8191149234771729,0.1538744866847992,0.01675361394882202,1
868,10077.4599609375,0.014889821410179138,0.312131404876709,0.6554456949234009,0.01753312349319458,2
913,10599.9091796875,0.013942447490990162,0.0275785680860281,0.9495387673377991,0.008940299972891808,2
983,11412.6083984375,0.011718908324837685,0.855239748954773,0.12187203019857407,0.011169341392815113,1
1008,11702.857421875,0.00888813380151987,0.009752731770277023,0.971365749835968,0.009993359446525574,2
1009,11714.466796875,0.023887675255537033,0.30714279413223267,0.6476149559020996,0.02135464921593666,2
1024,11888.6162109375,0.012436727993190289,0.03065219335258007,0.9346908926963806,0.02222016081213951,2
1055,12248.525390625,0.01647523045539856,0.15666207671165466,0.7694731950759888,0.05738949775695801,2
1056,12260.1357421875,0.012386015616357327,0.06344384700059891,0.9045518636703491,0.019618213176727295,2
1063,12341.40625,0.010579806752502918,0.13396643102169037,0.8448845148086548,0.010569297708570957,2
1064,12353.015625,0.012337232008576393,0.30174684524536133,0.6725626587867737,0.013353263959288597,2
1066,12376.236328125,0.006245707161724567,0.036199379712343216,0.9495837688446045,0.007971151731908321,2
1069,12411.06640625,0.8473222255706787,0.11773800849914551,0.02604062296450138,0.008899088017642498,0
1081,12550.3857421875,0.08690573275089264,0.8605300784111023,0.037310145795345306,0.015254016034305096,1
1098,12747.7548828125,0.012119743041694164,0.7938110828399658,0.17979076504707336,0.014278382994234562,1
1195,13873.9228515625,0.008975701406598091,0.02907281368970871,0.9524866938591003,0.009464753791689873,2
1225,14222.22265625,0.6017330884933472,0.3724291920661926,0.012554445303976536,0.013283271342515945,0
1251,14524.0810546875,0.01062484085559845,0.3000949025154114,0.6780689358711243,0.011211356148123741,2
1286,14930.4306640625,0.0057878936640918255,0.046543337404727936,0.9397403001785278,0.007928438484668732,2
1297,15058.140625,0.5870288610458374,0.08960765600204468,0.30058515071868896,0.022778403013944626,0
1306,15162.6298828125,0.010498748160898685,0.020408840849995613,0.956667959690094,0.012424439191818237,2
1307,15174.240234375,0.008748524822294712,0.010742668993771076,0.9702953696250916,0.010213431902229786,2
1310,15209.0703125,0.01233468297868967,0.3008701801300049,0.6700584292411804,0.0167367123067379,2
1392,16161.0888671875,0.018437743186950684,0.04030252620577812,0.7442919611930847,0.19696776568889618,2
1416,16439.728515625,0.35173505544662476,0.621910572052002,0.012374179437756538,0.013980183750391006,1
1441,16729.9765625,0.014345169067382812,0.7266794443130493,0.24555113911628723,0.013424215838313103,1
1442,16741.5859375,0.007008205633610487,0.07476955652236938,0.901979923248291,0.01624235138297081,2
1443,16753.197265625,0.011041298508644104,0.16411301493644714,0.8004101514816284,0.024435563012957573,2
1488,17275.646484375,0.8585488796234131,0.11035101115703583,0.024583183228969574,0.006517010275274515,0
1512,17554.28515625,0.4068090617656708,0.5485436916351318,0.02946617640554905,0.015181111171841621,1
1526,17716.826171875,0.01937118172645569,0.22979167103767395,0.6982081532478333,0.052628979086875916,2
1587,18425.033203125,0.03875650465488434,0.015993529930710793,0.8419687151908875,0.10328122973442078,2
1598,18552.744140625,0.008868491277098656,0.07178860902786255,0.9107116460800171,0.008631234057247639,2
1631,18935.873046875,0.01508035697042942,0.3725847005844116,0.5822805166244507,0.030054444447159767,2
1632,18947.482421875,0.01687381975352764,0.026854563504457474,0.7695326805114746,0.18673889338970184,2
1635,18982.3125,0.008736220188438892,0.13541066646575928,0.8475472927093506,0.008305825293064117,2
1703,19771.791015625,0.961214005947113,0.01336126308888197,0.01548857893794775,0.009936128742992878,0
1716,19922.72265625,0.013732814230024815,0.02791200391948223,0.6521666049957275,0.3061884939670563,2
1717,19934.33203125,0.017422394827008247,0.026033509522676468,0.11298194527626038,0.843562126159668,3
1723,20003.990234375,0.009673472493886948,0.7822950482368469,0.19687344133853912,0.011158031411468983,1
1824,21176.599609375,0.013181356713175774,0.26162800192832947,0.7032403945922852,0.021950216963887215,2
1825,21188.208984375,0.012920035980641842,0.8842594027519226,0.08504774421453476,0.01777287758886814,1
1880,21826.7578125,0.02522088959813118,0.07294586300849915,0.8518829345703125,0.04995027929544449,2
1984,23034.1953125,0.00970933586359024,0.24083587527275085,0.7404557466506958,0.008999002166092396,2
2016,23405.71484375,0.013106525875627995,0.05799589678645134,0.7309935092926025,0.1979040801525116,2
2017,23417.32421875,0.010507714003324509,0.0887962132692337,0.8891267776489258,0.011569354683160782,2
2018,23428.93359375,0.009984629228711128,0.5462952852249146,0.4301168918609619,0.013603146187961102,1
2026,23521.814453125,0.9206609725952148,0.03333059325814247,0.032231077551841736,0.013777356594800949,0
2076,24102.3125,0.012846739031374454,0.017475228756666183,0.9594466686248779,0.010231388732790947,2
2100,24380.953125,0.012062146328389645,0.22079284489154816,0.7564786672592163,0.01066632941365242,2
2148,24938.23046875,0.010407228954136372,0.019793309271335602,0.9623589515686035,0.007440480869263411,2
2168,25170.431640625,0.0635010376572609,0.6468983292579651,0.14837242662906647,0.14122822880744934,1
2183,25344.580078125,0.020375587046146393,0.6913151144981384,0.15746253728866577,0.13084667921066284,1
2194,25472.2890625,0.019979648292064667,0.7293624877929688,0.07060016691684723,0.18005767464637756,1
2205,25600.0,0.013538947328925133,0.06770724803209305,0.013273346237838268,0.9054804444313049,3
2277,26435.91796875,0.012070954777300358,0.2705400586128235,0.7003350257873535,0.01705394871532917,2
2301,26714.55859375,0.7994932532310486,0.04426640644669533,0.1342797428369522,0.021960550919175148,0
2349,27271.837890625,0.054207608103752136,0.030960682779550552,0.8724128007888794,0.04241885244846344,2
2506,29094.603515625,0.012771467678248882,0.26941385865211487,0.7034823298454285,0.01433237548917532,2
2523,29291.97265625,0.01237128023058176,0.13596796989440918,0.8412165641784668,0.010444276966154575,2
2564,29767.982421875,0.8848256468772888,0.06167614087462425,0.04283620044589043,0.010661925189197063,0
2574,29884.080078125,0.007498877122998238,0.014014351181685925,0.9215393662452698,0.056947335600852966,2
2575,29895.69140625,0.011216951534152031,0.2243257761001587,0.36435097455978394,0.4001063108444214,3
2600,30185.94140625,0.5649731755256653,0.16593357920646667,0.24169473350048065,0.0273984894156456,0
2612,30325.259765625,0.2196952998638153,0.281017541885376,0.46926307678222656,0.030024049803614616,2
2636,30603.900390625,0.08207718282938004,0.2986193001270294,0.5950772166252136,0.024226274341344833,2
2658,30859.3203125,0.0120893819257617,0.008743149228394032,0.9341830611228943,0.044984422624111176,2
2803,32542.765625,0.9530046582221985,0.010496880859136581,0.023106366395950317,0.01339211966842413,0
2923,33935.9609375,0.033970907330513,0.03144524246454239,0.9202364087104797,0.014347503893077374,2
2947,34214.6015625,0.4348222315311432,0.2973325550556183,0.23950617015361786,0.028339019045233727,0
2995,34771.8828125,0.46299979090690613,0.2728966772556305,0.23597435653209686,0.028129221871495247,0
3019,35050.5234375,0.08567573875188828,0.5524182915687561,0.2283761203289032,0.1335298866033554,1
3031,35189.84375,0.01565517857670784,0.013766891323029995,0.2531452178955078,0.7174326777458191,3
3043,35329.1640625,0.011338546872138977,0.009854445233941078,0.87627774477005,0.10252924263477325,2
3091,35886.44140625,0.012636587023735046,0.46235448122024536,0.5105084776878357,0.014500424265861511,2
3139,36443.71875,0.03180430084466934,0.02834998443722725,0.9287689924240112,0.01107665803283453,2
3163,36722.359375,0.009068855084478855,0.9673808813095093,0.01479436457157135,0.008755866438150406,1
3186,36989.38671875,0.9202027320861816,0.027781900018453598,0.04162447899580002,0.010390786454081535,0
3210,37268.02734375,0.11889901012182236,0.030803749337792397,0.8325481414794922,0.017749104648828506,2
3252,37755.64453125,0.008448559790849686,0.009459168650209904,0.9728806614875793,0.0092116454616189,2
3253,37767.2578125,0.009153944440186024,0.01092150155454874,0.9691984057426453,0.010726124048233032,2
3258,37825.3046875,0.9529456496238708,0.022190207615494728,0.017520537599921227,0.007343647535890341,0
3275,38022.67578125,0.011523988097906113,0.011202101595699787,0.9629359841346741,0.014337915927171707,2
3282,38103.9453125,0.013738179579377174,0.11722211539745331,0.8401473164558411,0.028892461210489273,2
3306,38382.58203125,0.01887112855911255,0.023575138300657272,0.937092661857605,0.020461132749915123,2
3330,38661.22265625,0.6635525226593018,0.21511048078536987,0.10710160434246063,0.014235339127480984,0
3331,38672.8359375,0.0060391915030777454,0.03242431953549385,0.9490319490432739,0.012504566460847855,2
3378,39218.50390625,0.3160203993320465,0.03624425828456879,0.6288911700248718,0.01884421519935131,2
3402,39497.14453125,0.030268536880612373,0.027526691555976868,0.9306431412696838,0.011561603285372257,2
3426,39775.78515625,0.031485844403505325,0.02581031806766987,0.9320369958877563,0.010666867718100548,2
3474,40333.0625,0.0074664512649178505,0.09385369718074799,0.8913921117782593,0.007287687622010708,2
3485,40460.76953125,0.9319883584976196,0.028654711320996284,0.017671220004558563,0.021685725077986717,0
3522,40890.33984375,0.020190801471471786,0.027881665155291557,0.9401107430458069,0.011816723272204399,2
3569,41436.0078125,0.6243844628334045,0.16876229643821716,0.1889602094888687,0.01789301633834839,0
3593,41714.6484375,0.22469937801361084,0.034206487238407135,0.7217540740966797,0.01934005320072174,2
3617,41993.28515625,0.6132828593254089,0.24751988053321838,0.1222657784819603,0.016931461170315742,0
3677,42689.88671875,0.02325933426618576,0.08085034042596817,0.3112209141254425,0.5846693515777588,3
3689,42829.203125,0.024997105821967125,0.05857318267226219,0.21903178095817566,0.6973978877067566,3
3696,42910.4765625,0.01129535399377346,0.8702419996261597,0.10186870396137238,0.016593992710113525,1
3713,43107.84375,0.2427462339401245,0.15248624980449677,0.39293569326400757,0.21183180809020996,2
3782,43908.9375,0.010474717244505882,0.9608311057090759,0.01591775193810463,0.012776513583958149,1
3786,43955.375,0.016507260501384735,0.9412462711334229,0.014945371076464653,0.027301136404275894,1
3826,44419.7734375,0.006091574672609568,0.12003707140684128,0.8616507053375244,0.012220583856105804,2
3856,44768.07421875,0.011137329041957855,0.5421708822250366,0.4336460828781128,0.013045666739344597,1
3857,44779.68359375,0.011358942836523056,0.09317860752344131,0.87723708152771,0.018225418403744698,2
3868,44907.390625,0.24927040934562683,0.41434574127197266,0.31361153721809387,0.022772232070565224,1
3880,45046.7109375,0.13857054710388184,0.1860361099243164,0.6577268242835999,0.017666498199105263,2
3904,45325.3515625,0.3055393695831299,0.24822252988815308,0.43358901143074036,0.012649111449718475,2
3905,45336.9609375,0.16699202358722687,0.19683542847633362,0.6223608255386353,0.01381172239780426,2
3952,45882.62890625,0.12628093361854553,0.2214289903640747,0.641355574131012,0.010934562422335148,2
4000,46439.91015625,0.015325416810810566,0.24069175124168396,0.7280162572860718,0.0159666296094656,2
4001,46451.51953125,0.009628322906792164,0.00943742599338293,0.9697802662849426,0.011154009029269218,2
4048,46997.1875,0.009508698247373104,0.02391315996646881,0.956670343875885,0.009907865896821022,2
4096,47554.46484375,0.08579570800065994,0.0806044340133667,0.8219645023345947,0.011635353788733482,2
4144,48111.74609375,0.04221878945827484,0.050317537039518356,0.8973508477210999,0.010112913325428963,2
4167,48378.77734375,0.446833074092865,0.28233057260513306,0.2289261668920517,0.041910167783498764,0
4192,48669.02734375,0.009281313046813011,0.012051592580974102,0.9673135876655579,0.011353595182299614,2
4215,48936.0546875,0.42545536160469055,0.30114907026290894,0.24113993346691132,0.03225559741258621,0
4239,49214.6953125,0.012438596226274967,0.47049036622047424,0.5055184364318848,0.011552609503269196,2
4240,49226.3046875,0.01094469428062439,0.08911705017089844,0.8897147178649902,0.010223552584648132,2
4251,49354.015625,0.4878743290901184,0.424312949180603,0.06871674209833145,0.01909601502120495,0
4263,49493.33203125,0.5468304753303528,0.14169150590896606,0.29688817262649536,0.014589840546250343,0
4287,49771.97265625,0.11157599836587906,0.0867738127708435,0.7936317920684814,0.008018404245376587,2
4335,50329.25,0.0615781731903553,0.08546847105026245,0.8453553915023804,0.00759800523519516,2
4383,50886.53125,0.012817731127142906,0.07972751557826996,0.8972017168998718,0.010253059677779675,2
4431,51443.80859375,0.006398382131010294,0.054920610040426254,0.9316577315330505,0.007023278623819351,2
4478,51989.48046875,0.41614729166030884,0.11296077817678452,0.4581563472747803,0.012735549360513687,2
4479,52001.0859375,0.3135732114315033,0.06157249957323074,0.6128535270690918,0.012000747956335545,2
4503,52279.7265625,0.010400509461760521,0.010058552026748657,0.970937192440033,0.008603724651038647,2
4526,52546.7578125,0.13029976189136505,0.13543400168418884,0.7217096090316772,0.012556642293930054,2
4527,52558.3671875,0.18093258142471313,0.07127068191766739,0.7332746982574463,0.014522134326398373,2
4550,52825.3984375,0.20989622175693512,0.48384833335876465,0.2836264967918396,0.02262890338897705,1
4574,53104.03515625,0.0074595189653337,0.1107117086648941,0.8705464005470276,0.011282345280051231,2
4575,53115.64453125,0.007820785976946354,0.3768872320652008,0.5997961163520813,0.015495913103222847,2
4598,53382.67578125,0.1899532973766327,0.11969433724880219,0.6698756217956543,0.02047673799097538,2
4622,53661.31640625,0.012139412574470043,0.3659113049507141,0.6098125576972961,0.012136733159422874,2
4646,53939.953125,0.6195462346076965,0.20367863774299622,0.1614857316017151,0.015289384871721268,0
4670,54218.59375,0.3764238953590393,0.316142201423645,0.29342538118362427,0.014008484780788422,0
4718,54775.87109375,0.17346414923667908,0.18831439316272736,0.6260418891906738,0.012179500423371792,2
4766,55333.15234375,0.01113888155668974,0.03633781895041466,0.9414225816726685,0.011100680567324162,2
4789,55600.1796875,0.33931082487106323,0.6071346998214722,0.03781541809439659,0.015739014372229576,1
4814,55890.4296875,0.008552237413823605,0.02564510703086853,0.9549386501312256,0.01086391881108284,2
4825,56018.140625,0.8050867915153503,0.1404232680797577,0.041854992508888245,0.012635016813874245,0
4861,56436.1015625,0.5539891719818115,0.3415074944496155,0.0947418063879013,0.009761564433574677,0
4909,56993.37890625,0.499225378036499,0.20176775753498077,0.2865515649318695,0.012455272488296032,0
4933,57272.01953125,0.36339855194091797,0.2752302289009094,0.3400464653968811,0.021324774250388145,0
4957,57550.66015625,0.010772723704576492,0.012157440185546875,0.9674416184425354,0.009628288447856903,2
5005,58107.9375,0.00976427923887968,0.25868263840675354,0.7221969366073608,0.009356101974844933,2
5029,58386.578125,0.622032880783081,0.18077504634857178,0.1816352903842926,0.015556718222796917,0
5053,58665.21484375,0.21524187922477722,0.10871867090463638,0.6619987487792969,0.01404071506112814,2
5100,59210.8828125,0.5604410171508789,0.3699188530445099,0.05592668056488037,0.013713530264794827,0
5101,59222.49609375,0.1142282783985138,0.08994005620479584,0.7841048836708069,0.011726737953722477,2
5148,59768.16015625,0.015770137310028076,0.23941802978515625,0.7303858995437622,0.014425868168473244,2
5149,59779.7734375,0.01101709809154272,0.03911776468157768,0.9382966756820679,0.011568399146199226,2
5172,60046.80078125,0.40916115045547485,0.505017101764679,0.06769957393407822,0.01812215894460678,1
5196,60325.44140625,0.01149413175880909,0.23853600025177002,0.7406681776046753,0.009301736019551754,2
5197,60337.05078125,0.0068160053342580795,0.053436148911714554,0.9325647354125977,0.007183116395026445,2
5208,60464.76171875,0.7241809368133545,0.15718738734722137,0.09232638031244278,0.02630523592233658,0
5220,60604.08203125,0.6766161322593689,0.26195281744003296,0.05037213861942291,0.011058967560529709,0
5244,60882.72265625,0.23555244505405426,0.12175155431032181,0.6340062618255615,0.008689692243933678,2
5292,61440.0,0.16344477236270905,0.058081481605768204,0.767785370349884,0.010688350535929203,2
5316,61718.640625,0.6466061472892761,0.26866570115089417,0.0685867965221405,0.01614137552678585,0
5535,64261.22265625,0.020186081528663635,0.14926989376544952,0.7702544927597046,0.060289639979600906,2
5536,64272.8359375,0.031671877950429916,0.5332778692245483,0.2028234750032425,0.23222677409648895,1
5580,64783.67578125,0.01126378308981657,0.9596410393714905,0.011955431662499905,0.017139857634902,1
5591,64911.3828125,0.33921298384666443,0.5990186333656311,0.04223863035440445,0.019529659301042557,1
5603,65050.703125,0.15300865471363068,0.036342132836580276,0.01307259127497673,0.7975766658782959,3
5723,66443.8984375,0.010923318564891815,0.03480774164199829,0.945375919342041,0.008893045596778393,2
5746,66710.9296875,0.3579619228839874,0.36893823742866516,0.2367471158504486,0.03635274991393089,1
5782,67128.890625,0.5003703236579895,0.38426923751831055,0.06270596385002136,0.052654460072517395,0
5794,67268.2109375,0.2826666831970215,0.1202252060174942,0.015005122870206833,0.5821029543876648,3
5818,67546.84375,0.3646315634250641,0.5128083229064941,0.10279382765293121,0.019766192883253098,1
5890,68382.765625,0.19777633249759674,0.13969752192497253,0.013024279847741127,0.6495019197463989,3
5916,68684.625,0.00959972757846117,0.04831107333302498,0.9321584105491638,0.009930858388543129,2
5938,68940.046875,0.13489794731140137,0.818675696849823,0.033520184457302094,0.012906178832054138,1
5962,69218.6796875,0.013464429415762424,0.11489060521125793,0.8386407494544983,0.03300417214632034,2
5986,69497.3203125,0.062034450471401215,0.10691849142313004,0.011184876784682274,0.8198621869087219,3
6045,70182.3125,0.11436772346496582,0.8585609793663025,0.010864432901144028,0.016206875443458557,1
6057,70321.6328125,0.7053444385528564,0.1293575018644333,0.14214223623275757,0.023155827075242996,0
6081,70600.2734375,0.5075528621673584,0.3439200222492218,0.10451528429985046,0.044011835008859634,0
6106,70890.515625,0.2928987145423889,0.5358558893203735,0.015412183478474617,0.15583322942256927,1
6153,71436.1875,0.013271806761622429,0.013294907286763191,0.9239623546600342,0.04947097972035408,2
6171,71645.171875,0.008999206125736237,0.008313111960887909,0.9743010997772217,0.008386529050767422,2
6172,71656.7734375,0.009377243928611279,0.007924553006887436,0.9737164974212646,0.008981707505881786,2
6177,71714.828125,0.010518969967961311,0.009359193034470081,0.017109595239162445,0.9630122184753418,3
6201,71993.46875,0.016215940937399864,0.6180076003074646,0.21312381327152252,0.15265265107154846,1
6211,72109.5625,0.011580778285861015,0.01924234814941883,0.010446134954690933,0.9587306976318359,3
6226,72283.71875,0.010515859350562096,0.013748344033956528,0.9657383561134338,0.00999748520553112,2
6237,72411.4296875,0.01495422888547182,0.9447632431983948,0.02378583326935768,0.01649666205048561,1
6249,72550.75,0.013207090087234974,0.13455025851726532,0.356202632188797,0.4960400462150574,3
6273,72829.390625,0.015291820280253887,0.5853809118270874,0.012549269013106823,0.38677799701690674,1
6297,73108.0234375,0.02581010013818741,0.1679767221212387,0.563797116279602,0.24241603910923004,2
6334,73537.59375,0.008285142481327057,0.010124730877578259,0.9737156629562378,0.007874444127082825,2
6345,73665.3046875,0.012403922155499458,0.013494512997567654,0.9271495342254639,0.04695209115743637,2
6369,73943.9453125,0.009913980960845947,0.03693901747465134,0.047834593802690506,0.9053124785423279,3
6416,74489.6171875,0.009325972758233547,0.7347179651260376,0.2412901520729065,0.01466589979827404,1
6417,74501.21875,0.008890729397535324,0.03145531564950943,0.9502561092376709,0.009397904388606548,2
6440,74768.2578125,0.032407019287347794,0.6632779836654663,0.2750210464000702,0.029294010251760483,1
6465,75058.5,0.00970796775072813,0.020514924079179764,0.9615032076835632,0.008273839950561523,2
6486,75302.3125,0.021430429071187973,0.46074968576431274,0.029209643602371216,0.48861023783683777,3
6536,75882.8125,0.0257004052400589,0.256094753742218,0.6796290874481201,0.03857581317424774,2
6548,76022.1328125,0.35544493794441223,0.46922194957733154,0.14533843100070953,0.02999466471374035,1
6584,76440.09375,0.11770986020565033,0.2990141212940216,0.5629091262817383,0.020366918295621872,2
6632,76997.3671875,0.06581756472587585,0.2973657548427582,0.33196407556533813,0.30485257506370544,2
6668,77415.328125,0.005949798040091991,0.9434902667999268,0.03853822872042656,0.012021609582006931,1
6680,77554.6484375,0.01394585520029068,0.22981594502925873,0.667206883430481,0.08903136104345322,2
6703,77821.6796875,0.4717455208301544,0.33745434880256653,0.13135088980197906,0.05944925174117088,0
6728,78111.9296875,0.015151189640164375,0.04021298140287399,0.9218619465827942,0.022773947566747665,2
6739,78239.640625,0.3709576725959778,0.5048407316207886,0.05509857460856438,0.06910304725170135,1
6751,78378.9609375,0.41211748123168945,0.4353494644165039,0.12271887809038162,0.029814202338457108,1
6775,78657.59375,0.2757927179336548,0.30747532844543457,0.39911186695098877,0.017620086669921875,2
6789,78820.140625,0.14861971139907837,0.6762127876281738,0.13124921917915344,0.04391830042004585,1
6801,78959.4609375,0.021051356568932533,0.028875423595309258,0.6618736386299133,0.2881995737552643,2
6819,79168.4375,0.02293413318693638,0.3173203468322754,0.6393502354621887,0.02039528451859951,2
6825,79238.1015625,0.010380612686276436,0.8786225318908691,0.015855981037020683,0.09514085203409195,1
6847,79493.515625,0.011260218918323517,0.034532465040683746,0.9441229701042175,0.010084377601742744,2
6895,80050.796875,0.2175293117761612,0.22213175892829895,0.5454878807067871,0.014851025305688381,2
6919,80329.4296875,0.01324667502194643,0.22882050275802612,0.7129130363464355,0.04501977562904358,2
6967,80886.7109375,0.056240301579236984,0.2014138400554657,0.6692146062850952,0.07313130795955658,2
6991,81165.3515625,0.013747729361057281,0.0591622032225132,0.9182305932044983,0.008859483525156975,2
7015,81443.9921875,0.05237910896539688,0.29451480507850647,0.33032840490341187,0.32277771830558777,2
7038,81711.0234375,0.539983332157135,0.4409932792186737,0.009645035490393639,0.0093782814219594,0
7063,82001.265625,0.014810603111982346,0.16320084035396576,0.8013440370559692,0.020644545555114746,2
7111,82558.546875,0.011322426609694958,0.026653563603758812,0.9440035223960876,0.018020527437329292,2
7158,83104.21875,0.09703400731086731,0.22015920281410217,0.6524913907051086,0.03031538613140583,2
7182,83382.859375,0.009505435824394226,0.010989037342369556,0.9717830419540405,0.00772241922095418,2
7206,83661.5,0.0550989992916584,0.22218550741672516,0.6737968325614929,0.04891868680715561,2
7230,83940.140625,0.011597002856433392,0.9635957479476929,0.013996822759509087,0.01081039011478424,1
7254,84218.7734375,0.015850502997636795,0.14819622039794922,0.8156046271324158,0.020348593592643738,2
7278,84497.4140625,0.02962651289999485,0.048023294657468796,0.9122985601425171,0.0100516052916646,2
7302,84776.0546875,0.009393418207764626,0.0625617653131485,0.9034231305122375,0.02462165430188179,2
7350,85333.3359375,0.015891078859567642,0.022518571466207504,0.9472029209136963,0.014387372881174088,2
7397,85879.0078125,0.19528202712535858,0.2303823083639145,0.5469889044761658,0.02734682895243168,2
7445,86436.28125,0.4472021460533142,0.1408696174621582,0.382315456867218,0.029612766578793526,0
7469,86714.921875,0.03701430931687355,0.040138036012649536,0.9134484529495239,0.00939918588846922,2
7493,86993.5625,0.011541886255145073,0.06341893970966339,0.891861081123352,0.03317805007100105,2
7521,87318.640625,0.009721263311803341,0.177341029047966,0.8018073439598083,0.01113030407577753,2
7541,87550.84375,0.026071880012750626,0.017632996663451195,0.9454714059829712,0.010823819786310196,2
7565,87829.4765625,0.009530415758490562,0.012647092342376709,0.9695013165473938,0.008321206085383892,2
7577,87968.796875,0.6494138836860657,0.3044983446598053,0.03151074796915054,0.014577007852494717,0
7661,88944.0390625,0.03030773252248764,0.008765345439314842,0.95179283618927,0.009134025312960148,2
7685,89222.6796875,0.012765921652317047,0.17007501423358917,0.8058571815490723,0.011301849037408829,2
7733,89779.953125,0.01916746236383915,0.012050795368850231,0.958620548248291,0.010161248035728931,2
7781,90337.234375,0.010231012478470802,0.012094322592020035,0.968735933303833,0.008938721381127834,2
7828,90882.90625,0.013465570285916328,0.22425143420696259,0.7519407868385315,0.010342228226363659,2
7829,90894.515625,0.010702027939260006,0.2938835322856903,0.6858900189399719,0.009524492546916008,2
7852,91161.546875,0.018309175968170166,0.013737981207668781,0.9590932130813599,0.008859619498252869,2
7876,91440.1796875,0.009487401694059372,0.011509507894515991,0.970283567905426,0.008719424717128277,2
7924,91997.4609375,0.048866767436265945,0.017390303313732147,0.9250002503395081,0.008742688223719597,2
7972,92554.7421875,0.016129039227962494,0.013071351684629917,0.9629849195480347,0.007814696058630943,2
7995,92821.7734375,0.03988485783338547,0.9363441467285156,0.01155142206698656,0.012219556607306004,1
8020,93112.015625,0.00803171657025814,0.022233646363019943,0.9619864225387573,0.007748229429125786,2
8068,93669.296875,0.008278971537947655,0.19366581737995148,0.7894336581230164,0.008621558547019958,2
8093,93959.546875,0.0077951219864189625,0.008261801674962044,0.9729964733123779,0.01094662956893444,2
8115,94214.96875,0.631502091884613,0.09067419916391373,0.2686215937137604,0.009202135726809502,0
8139,94493.609375,0.008426273241639137,0.008317112922668457,0.9711432456970215,0.012113409116864204,2
8163,94772.25,0.1102469265460968,0.11447089165449142,0.7623141407966614,0.012968067079782486,2
8211,95329.5234375,0.08195524662733078,0.08683211356401443,0.8212366700172424,0.009976007975637913,2
8259,95886.8046875,0.007556593511253595,0.028938880190253258,0.9504454731941223,0.013059057295322418,2
8271,96026.125,0.008225971832871437,0.007968777790665627,0.9620398283004761,0.021765537559986115,2
8283,96165.4453125,0.006934736855328083,0.012792928144335747,0.9716794490814209,0.008592919446527958,2
8307,96444.0859375,0.009844694286584854,0.09109673649072647,0.8764398097991943,0.022618716582655907,2
8308,96455.6875,0.008166610263288021,0.8268993496894836,0.15093234181404114,0.014001689851284027,1
8330,96711.109375,0.010033275000751019,0.05992412567138672,0.914389967918396,0.015652693808078766,2
8402,97547.03125,0.017616495490074158,0.6791197657585144,0.2868627905845642,0.016400979831814766,1
8403,97558.640625,0.02837933786213398,0.34085503220558167,0.49009108543395996,0.14067453145980835,2
8462,98243.6328125,0.8887956142425537,0.02981758303940296,0.06722626835107803,0.01416046917438507,0
8474,98382.953125,0.029800061136484146,0.025631632655858994,0.9265590906143188,0.01800922304391861,2
8522,98940.2265625,0.010749940760433674,0.9327284097671509,0.04303188994526863,0.01348976232111454,1
8631,100205.7109375,0.009986289776861668,0.05522213876247406,0.9255101084709167,0.00928146205842495,2
8653,100461.1328125,0.6589629054069519,0.18909196555614471,0.13110947608947754,0.020835647359490395,0
8689,100879.0859375,0.8911678791046143,0.045463744550943375,0.051388636231422424,0.011979714967310429,0
8700,101006.8046875,0.01080035138875246,0.10421798378229141,0.14725463092327118,0.7377269864082336,3
8725,101297.046875,0.627700924873352,0.18457439541816711,0.16200943291187286,0.02571527473628521,0
8737,101436.3671875,0.11753994226455688,0.7904621362686157,0.07246536016464233,0.019532591104507446,1
8761,101715.0078125,0.08113617449998856,0.43169787526130676,0.4612463116645813,0.02591966837644577,2
8783,101970.4296875,0.014080895110964775,0.012900079600512981,0.9404512643814087,0.03256780281662941,2
8928,103653.875,0.8303694725036621,0.056502580642700195,0.09521593153476715,0.017912019044160843,0
8991,104385.3046875,0.007913079112768173,0.01283524464815855,0.9711539149284363,0.008097801357507706,2
8992,104396.921875,0.00865471363067627,0.014744427986443043,0.9691110849380493,0.007489769719541073,2
9048,105047.0703125,0.03840705752372742,0.021819274872541428,0.9278826117515564,0.011891056783497334,2
9072,105325.7109375,0.426522821187973,0.13766513764858246,0.4074065089225769,0.028405509889125824,0
9120,105882.9921875,0.16004469990730286,0.059645649045705795,0.7553175687789917,0.024992091581225395,2
9144,106161.6328125,0.21135619282722473,0.4771119952201843,0.24054846167564392,0.07098328322172165,1
9156,106300.9453125,0.029461385682225227,0.040478408336639404,0.5500809550285339,0.37997928261756897,2
9168,106440.265625,0.0172125156968832,0.011050348170101643,0.7458053231239319,0.22593171894550323,2
9216,106997.5546875,0.012320632115006447,0.41974925994873047,0.5398277640342712,0.028102319687604904,2
9264,107554.8359375,0.03992091864347458,0.021679658442735672,0.92721027135849,0.011189081706106663,2
9288,107833.46875,0.007776537444442511,0.9507006406784058,0.032607585191726685,0.008915215730667114,1
9311,108100.5,0.92827969789505,0.027219515293836594,0.035140421241521835,0.009360428899526596,0
9360,108669.390625,0.008186955004930496,0.06428197026252747,0.9209522008895874,0.006578879896551371,2
9378,108878.3671875,0.00840478204190731,0.007786121219396591,0.9715672731399536,0.012241745367646217,2
9379,108889.9765625,0.008985351771116257,0.009030739776790142,0.9631756544113159,0.018808307126164436,2
9407,109215.0546875,0.013711350969970226,0.10874664783477783,0.8412540555000305,0.03628799319267273,2
9408,109226.671875,0.006896321661770344,0.07470927387475967,0.9107235074043274,0.007670779712498188,2
9431,109493.6953125,0.03179853409528732,0.024242499843239784,0.9264314770698547,0.017527516931295395,2
9455,109772.3359375,0.3016112148761749,0.15256227552890778,0.5332632064819336,0.012563305906951427,2
9456,109783.9453125,0.007014715112745762,0.020360955968499184,0.9649516940116882,0.007672661449760199,2
9476,110016.140625,0.016935009509325027,0.3713245391845703,0.021017510443925858,0.590722918510437,3
9485,110120.6328125,0.01603095233440399,0.579026460647583,0.38841626048088074,0.016526317223906517,1
9503,110329.609375,0.30040764808654785,0.02571444772183895,0.6495219469070435,0.024355893954634666,2
9527,110608.25,0.029297320172190666,0.012853891588747501,0.9479466080665588,0.00990222953259945,2
9551,110886.890625,0.021373558789491653,0.025134585797786713,0.9448692798614502,0.008622578345239162,2
9599,111444.171875,0.007028396241366863,0.023666247725486755,0.961401641368866,0.00790371559560299,2
9646,111989.8359375,0.5932744741439819,0.3517981767654419,0.04357351362705231,0.011353833600878716,0
9647,112001.453125,0.058447759598493576,0.030752336606383324,0.8971637487411499,0.013636138290166855,2
9694,112547.1171875,0.9370864629745483,0.027829352766275406,0.02658412605524063,0.008500045165419579,0
9718,112825.7578125,0.15279115736484528,0.0335184782743454,0.7948977947235107,0.01879260502755642,2
9743,113116.015625,0.009362309239804745,0.007287369575351477,0.9749253988265991,0.008424901403486729,2
9766,113383.0390625,0.7560930848121643,0.09926841408014297,0.11389937251806259,0.030739033594727516,0
9802,113800.9921875,0.04538055881857872,0.27212679386138916,0.42087358236312866,0.26161909103393555,2
9814,113940.3125,0.019963236525654793,0.02390998974442482,0.7734499573707581,0.1826767772436142,2
9815,113951.9296875,0.009080935269594193,0.01752481237053871,0.943452000617981,0.0299423485994339,2
9821,114021.5859375,0.008512323722243309,0.6683091521263123,0.3127232789993286,0.010455216281116009,1
9838,114218.953125,0.3809358775615692,0.3430536389350891,0.16686947643756866,0.10914100706577301,0
9909,115043.265625,0.010355726815760136,0.015210811048746109,0.9636334180831909,0.010800017975270748,2
9968,115728.2578125,0.008934790268540382,0.2593560516834259,0.7167224884033203,0.014986650086939335,2
10077,116993.7421875,0.009084510616958141,0.008844505995512009,0.9727432727813721,0.009327649138867855,2
10142,117748.390625,0.015459297224879265,0.11713545024394989,0.7237997055053711,0.1436055302619934,2
10172,118096.6875,0.009893607348203659,0.30371296405792236,0.6720820069313049,0.014311491511762142,2
10196,118375.328125,0.017930997535586357,0.7265327572822571,0.23685620725154877,0.018680064007639885,1
10340,120047.1640625,0.4716237187385559,0.461836040019989,0.036274295300245285,0.030265964567661285,0
10376,120465.125,0.3689184784889221,0.48162317276000977,0.11468058079481125,0.03477780520915985,1
10388,120604.4453125,0.5169981122016907,0.06418254971504211,0.024214085191488266,0.39460527896881104,0
10412,120883.0859375,0.25944584608078003,0.40206077694892883,0.30398958921432495,0.03450382873415947,1
10508,121997.640625,0.02199655957520008,0.40609970688819885,0.553009033203125,0.018894705921411514,2
10556,122554.921875,0.011865894310176373,0.37925681471824646,0.5947662591934204,0.01411103829741478,2
10567,122682.6328125,0.3865512013435364,0.37322375178337097,0.2052755355834961,0.03494955971837044,0
10603,123100.5859375,0.42621251940727234,0.15135221183300018,0.4006551504135132,0.02178015559911728,0
10699,124215.1484375,0.010197490453720093,0.1692684441804886,0.8104525208473206,0.010081551037728786,2
10723,124493.7890625,0.3564683794975281,0.11348500102758408,0.48916155099868774,0.04088510945439339,2
10747,124772.421875,0.00907801277935505,0.3657567799091339,0.6150093078613281,0.010155883617699146,2
10748,124784.03125,0.010416229255497456,0.24199368059635162,0.7382234334945679,0.009366676211357117,2
10759,124911.7421875,0.30775588750839233,0.46234291791915894,0.2124442160129547,0.017456993460655212,1
10771,125051.0625,0.1404508650302887,0.4501754641532898,0.3843700885772705,0.025003621354699135,1
10795,125329.703125,0.041400015354156494,0.3588562607765198,0.5873156785964966,0.012428008951246738,2
10819,125608.34375,0.009655466303229332,0.018306024372577667,0.9629930853843689,0.00904541090130806,2
10843,125886.984375,0.07269565761089325,0.5320422649383545,0.38530945777893066,0.009952635504305363,1
10891,126444.2578125,0.009800871834158897,0.14379654824733734,0.8347151279449463,0.011687551625072956,2
10939,127001.5390625,0.009044244885444641,0.06860241293907166,0.9101885557174683,0.012164774350821972,2
10950,127129.25,0.1211274191737175,0.655800998210907,0.20113928616046906,0.02193230576813221,1
10962,127268.5703125,0.27930405735969543,0.11607462167739868,0.5778931379318237,0.02672816999256611,2
10987,127558.8203125,0.021076686680316925,0.02184942737221718,0.948614239692688,0.008459663949906826,2
11034,128104.4921875,0.1797751486301422,0.43101951479911804,0.3766043186187744,0.012600996531546116,1
11058,128383.1328125,0.27939310669898987,0.35965853929519653,0.3137699365615845,0.04717842489480972,1
11082,128661.7734375,0.1951112002134323,0.25940409302711487,0.5321444869041443,0.013340132310986519,2
11106,128940.4140625,0.25505807995796204,0.16107195615768433,0.5479544401168823,0.0359155498445034,2
11130,129219.0546875,0.012539485469460487,0.27660083770751953,0.6994146704673767,0.011444976553320885,2
11178,129776.3203125,0.234108567237854,0.11529015004634857,0.6412120461463928,0.009389194659888744,2
11202,130054.9609375,0.007500260602682829,0.025069374591112137,0.95679771900177,0.010632635094225407,2
11226,130333.6015625,0.04835248738527298,0.10292278230190277,0.8397150039672852,0.0090097114443779,2
11249,130600.6328125,0.3795132637023926,0.09142488241195679,0.49921637773513794,0.02984551712870598,2
11274,130890.8828125,0.008577249944210052,0.06233472377061844,0.9192712903022766,0.009816745296120644,2
11297,131157.90625,0.5125653147697449,0.03336172178387642,0.4325845539569855,0.02148846909403801,0
11321,131436.546875,0.8663078546524048,0.09088496118783951,0.029866065829992294,0.012941105291247368,0
11345,131715.1875,0.033657535910606384,0.07606720924377441,0.8737526535987854,0.01652257703244686,2
11372,132028.65625,0.008488120511174202,0.5018031001091003,0.4807211458683014,0.00898765679448843,1
11468,133143.21875,0.016202405095100403,0.010797277092933655,0.3855021595954895,0.5874981880187988,3
11469,133154.828125,0.01860900968313217,0.017725903540849686,0.6392878890037537,0.3243771195411682,2
11557,134176.515625,0.012186609208583832,0.020274914801120758,0.03203817829489708,0.9355002641677856,3
11560,134211.328125,0.03734760358929634,0.8627592325210571,0.08671459555625916,0.013178586959838867,1
11596,134629.296875,0.016727611422538757,0.949203372001648,0.023066222667694092,0.011002864688634872,1
11608,134768.609375,0.03920511156320572,0.9135791063308716,0.0326402485370636,0.014575554057955742,1
11695,135778.6875,0.009144676849246025,0.9385414123535156,0.042377397418022156,0.009936549700796604,1
11752,136440.453125,0.007895858027040958,0.8495756387710571,0.1301722526550293,0.012356243096292019,1
11754,136463.671875,0.008233708329498768,0.024925697594881058,0.9565421938896179,0.010298469103872776,2
11771,136661.046875,0.014552328735589981,0.17534014582633972,0.1339748650789261,0.6761326789855957,3
11778,136742.3125,0.008863658644258976,0.5668025612831116,0.04921630024909973,0.3751174211502075,1
11824,137276.375,0.30375412106513977,0.42166754603385925,0.24949178099632263,0.025086544454097748,1
11849,137566.625,0.015262693166732788,0.08650597929954529,0.8883284330368042,0.009902914986014366,2
11850,137578.234375,0.011406530626118183,0.018712595105171204,0.9610512852668762,0.008829633705317974,2
11926,138460.59375,0.011514950543642044,0.020162271335721016,0.8140631914138794,0.1542595773935318,2
11927,138472.203125,0.019320275634527206,0.02825254574418068,0.3597203493118286,0.5927067995071411,3
11943,138657.953125,0.01659957505762577,0.9242217540740967,0.046608977019786835,0.012569746933877468,1
11969,138959.828125,0.014164529740810394,0.8495677709579468,0.12026050686836243,0.01600727252662182,1
11979,139075.90625,0.03459060937166214,0.748431384563446,0.19910670816898346,0.017871318385004997,1
11991,139215.234375,0.03887368366122246,0.8937370777130127,0.011518782004714012,0.05587047338485718,1
12007,139401.0,0.012919500470161438,0.7110103964805603,0.2440958023071289,0.03197427839040756,1
12087,140329.796875,0.01174694299697876,0.022621752694249153,0.8915300965309143,0.07410117238759995,2
12135,140887.0625,0.02337963879108429,0.433948814868927,0.5071880221366882,0.03548352047801018,2
12279,142558.921875,0.011326833628118038,0.42303070425987244,0.5508843064308167,0.014758148230612278,2
12326,143104.578125,0.06568073481321335,0.2482963651418686,0.6747967004776001,0.011226234957575798,2
12350,143383.21875,0.0129551962018013,0.1348266899585724,0.030215978622436523,0.822002112865448,3
12374,143661.859375,0.02394017018377781,0.17947545647621155,0.7873314619064331,0.009252846240997314,2
12422,144219.125,0.009618923999369144,0.36399319767951965,0.6160178184509277,0.010370125994086266,2
12446,144497.765625,0.03427298739552498,0.08302643895149231,0.012046451680362225,0.8706541061401367,3
12470,144776.40625,0.009931770153343678,0.06740604341030121,0.9135686755180359,0.009093510918319225,2
12518,145333.6875,0.018066387623548508,0.03185777738690376,0.939696729183197,0.010379164479672909,2
12542,145612.328125,0.008739733137190342,0.015279200859367847,0.023664124310016632,0.9523168802261353,3
12543,145623.953125,0.015794770792126656,0.09665947407484055,0.8676551580429077,0.019890619441866875,2
12544,145635.5625,0.014517159201204777,0.14929084479808807,0.8137690424919128,0.022422976791858673,2
12566,145890.96875,0.011817598715424538,0.01211616862565279,0.9653884768486023,0.010677858255803585,2
12589,146158.0,0.009084174409508705,0.8652388453483582,0.11375849694013596,0.011918513104319572,1
12613,146436.640625,0.07424865663051605,0.30283376574516296,0.61113041639328,0.011787218041718006,2
12614,146448.25,0.006843362003564835,0.02232324704527855,0.9630240797996521,0.007809419184923172,2
12637,146715.28125,0.07512887567281723,0.04219162091612816,0.0067696040496230125,0.8759099245071411,3
12709,147551.203125,0.06031065434217453,0.14308717846870422,0.7839791774749756,0.0126230139285326,2
12733,147829.828125,0.00997105147689581,0.04946938529610634,0.06079154461622238,0.8797680139541626,3
12757,148108.46875,0.12466294318437576,0.24090170860290527,0.6196417808532715,0.014793558977544308,2
12805,148665.75,0.023093625903129578,0.041461292654275894,0.9267800450325012,0.008665050379931927,2
12900,149768.703125,0.012281633913516998,0.015055494382977486,0.9604360461235046,0.012226765975356102,2
12912,149908.015625,0.008919576182961464,0.04452700912952423,0.9349455237388611,0.011607853695750237,2
12924,150047.34375,0.009797588922083378,0.06449642032384872,0.9091957211494446,0.01651018299162388,2
12948,150325.984375,0.011356964707374573,0.12456540018320084,0.8502247333526611,0.013852897100150585,2
12972,150604.625,0.009832055307924747,0.09200756996870041,0.8842493295669556,0.013911041431128979,2
12996,150883.265625,0.838262677192688,0.1322474181652069,0.016783088445663452,0.012706727720797062,0
13020,151161.90625,0.47636356949806213,0.20978499948978424,0.2972886562347412,0.0165628083050251,0
13092,151997.8125,0.27047261595726013,0.3946218490600586,0.3117102086544037,0.023195326328277588,1
13116,152276.453125,0.012559442780911922,0.41206249594688416,0.5591145157814026,0.016263585537672043,2
13140,152555.09375,0.3994312286376953,0.37888187170028687,0.19988608360290527,0.021800797432661057,0
13163,152822.125,0.32106930017471313,0.19668367505073547,0.46057364344596863,0.021673426032066345,2
13188,153112.375,0.01327279768884182,0.14685536921024323,0.8284327983856201,0.011438986286520958,2
13211,153379.40625,0.9119457006454468,0.05733424425125122,0.02159040980041027,0.00912963692098856,0
13227,153565.171875,0.009643163532018661,0.014827062375843525,0.9661956429481506,0.009334172122180462,2
13247,153797.359375,0.8399670124053955,0.12178651988506317,0.02499234862625599,0.013254141435027122,0
13259,153936.6875,0.05175289884209633,0.10290137678384781,0.8266789317131042,0.018666790798306465,2
13283,154215.328125,0.5927494764328003,0.30901938676834106,0.08500682562589645,0.013224325142800808,0
13307,154493.96875,0.011737101711332798,0.713974118232727,0.2633722126483917,0.010916627012193203,1
13319,154633.28125,0.6901509165763855,0.22299401462078094,0.06583425402641296,0.02102084271609783,0
13331,154772.609375,0.22161442041397095,0.5830857157707214,0.1793297678232193,0.015970081090927124,1
13355,155051.25,0.11216659843921661,0.021987982094287872,0.8454062938690186,0.020439058542251587,2
13370,155225.40625,0.009021791629493237,0.9700732827186584,0.011776026338338852,0.009128861129283905,1
13379,155329.875,0.2703579068183899,0.29204562306404114,0.4171845614910126,0.020411888137459755,2
13380,155341.484375,0.09313663095235825,0.7755675911903381,0.10655560344457626,0.02474014088511467,1
13427,155887.15625,0.010225582867860794,0.014358088374137878,0.9677293300628662,0.007686910219490528,2
13475,156444.4375,0.19291755557060242,0.1498824805021286,0.6385064721107483,0.01869351789355278,2
13510,156850.796875,0.8610901832580566,0.10433285683393478,0.02508835308253765,0.009488558396697044,0
13522,156990.109375,0.8786964416503906,0.06737276166677475,0.04461553692817688,0.009315300732851028,0
13546,157268.75,0.4925503730773926,0.03557615354657173,0.4533028304576874,0.0185706727206707,0
13571,157559.0,0.009269503876566887,0.04526859149336815,0.9347463250160217,0.010715574957430363,2
13594,157826.03125,0.9479498267173767,0.030699986964464188,0.013228981755673885,0.008121202699840069,0
13623,158162.71875,0.020791875198483467,0.2578780949115753,0.7049657702445984,0.01636424846947193,2
13642,158383.3125,0.04049758240580559,0.02277412824332714,0.9185737371444702,0.018154658377170563,2
13666,158661.953125,0.4703007638454437,0.43891850113868713,0.06542739272117615,0.025353264063596725,0
13714,159219.21875,0.22014449536800385,0.1552346795797348,0.596811830997467,0.02780897170305252,2
13750,159637.1875,0.02652631141245365,0.027231743559241295,0.5834600925445557,0.3627817928791046,2
13759,159741.6875,0.007429575547575951,0.013048205524682999,0.9716737270355225,0.00784849002957344,2
13762,159776.5,0.028680792078375816,0.06229446828365326,0.781738817691803,0.1272859126329422,2
13785,160043.53125,0.8887389898300171,0.08055713027715683,0.01704338751733303,0.013660451397299767,0
13810,160333.78125,0.011383377015590668,0.5312448740005493,0.4459229111671448,0.011448842473328114,1
13833,160600.8125,0.34116417169570923,0.02712646871805191,0.6121665239334106,0.01954285055398941,2
13858,160891.0625,0.04709632694721222,0.06936841458082199,0.8711633682250977,0.012371910735964775,2
13905,161436.734375,0.5675762891769409,0.22860592603683472,0.1910705268383026,0.01274728775024414,0
13906,161448.34375,0.08654902875423431,0.16072723269462585,0.741151750087738,0.011572007089853287,2
13929,161715.375,0.1634116768836975,0.02509373612701893,0.794991135597229,0.01650349423289299,2
13954,162005.625,0.009325647726655006,0.049044445157051086,0.9332578778266907,0.008371974341571331,2
14001,162551.296875,0.017149675637483597,0.37423691153526306,0.596694827079773,0.011918541043996811,2
14049,163108.5625,0.1429569572210312,0.2033304125070572,0.6396653056144714,0.014047321863472462,2
14073,163387.203125,0.01672181859612465,0.04424436762928963,0.9121397137641907,0.02689407765865326,2
14076,163422.046875,0.009749719873070717,0.9144160747528076,0.06560154259204865,0.010232665576040745,1
14077,163433.65625,0.010516359470784664,0.8480916023254395,0.12588104605674744,0.01551103126257658,1
14097,163665.84375,0.12200883775949478,0.05580620840191841,0.8080962300300598,0.014088623225688934,2
14120,163932.875,0.47545668482780457,0.06993046402931213,0.4272381663322449,0.027374643832445145,0
14145,164223.125,0.1714266687631607,0.1249922439455986,0.6902748942375183,0.01330619491636753,2
14168,164490.15625,0.8180677890777588,0.13238081336021423,0.03735777735710144,0.012193598784506321,0
14193,164780.40625,0.012233972549438477,0.2796519100666046,0.693845808506012,0.014268378727138042,2
14216,165047.4375,0.13624966144561768,0.029129493981599808,0.813696026802063,0.02092483639717102,2
14240,165326.078125,0.37085336446762085,0.4644315838813782,0.14993561804294586,0.014779473654925823,1
14288,165883.359375,0.46026021242141724,0.3808709979057312,0.14597059786319733,0.012898214161396027,0
14292,165929.796875,0.015379522927105427,0.015555126592516899,0.9599786996841431,0.009086648002266884,2
14336,166440.625,0.012028911150991917,0.16924706101417542,0.8076180219650269,0.011105923913419247,2
14337,166452.234375,0.012107037007808685,0.3729887306690216,0.6038720011711121,0.01103222742676735,2
14396,167137.234375,0.028044559061527252,0.03522639721632004,0.8424102663993835,0.09431874006986618,2
14408,167276.546875,0.027221467345952988,0.025396496057510376,0.3360314965248108,0.6113505959510803,3
14528,168669.75,0.029613636434078217,0.5154733657836914,0.43754372000694275,0.01736929453909397,1
14551,168936.78125,0.19397959113121033,0.17024266719818115,0.5050314664840698,0.13074630498886108,2
14575,169215.421875,0.01206901390105486,0.3530273735523224,0.6249194741249084,0.009984174743294716,2
14576,169227.03125,0.012428324669599533,0.14984704554080963,0.8168148994445801,0.020909709855914116,2
14587,169354.734375,0.14436936378479004,0.09177836030721664,0.7478309869766235,0.016021281480789185,2
14599,169494.0625,0.18169060349464417,0.02972385287284851,0.02865751087665558,0.7599281072616577,3
14623,169772.703125,0.11822137236595154,0.1805206537246704,0.6904137134552002,0.010844223201274872,2
14671,170329.96875,0.07857035100460052,0.1375679075717926,0.7749916315078735,0.008870108053088188,2
14719,170887.25,0.01285383477807045,0.07739893347024918,0.8963245153427124,0.013422669842839241,2
14767,171444.53125,0.008226034231483936,0.0255292821675539,0.9548548460006714,0.011389805935323238,2
14778,171572.25,0.7120794057846069,0.22602935135364532,0.039805348962545395,0.02208595536649227,0
14815,172001.8125,0.11323970556259155,0.08399739116430283,0.7886843085289001,0.014078608714044094,2
14862,172547.484375,0.48218071460723877,0.23795048892498016,0.26882776618003845,0.011041047982871532,0
14886,172826.125,0.11400185525417328,0.043212953954935074,0.01859319396317005,0.8241919875144958,3
14910,173104.765625,0.010503217577934265,0.01569170132279396,0.9649341702461243,0.008870945312082767,2
14934,173383.40625,0.08245041221380234,0.023710861802101135,0.8786656856536865,0.015173085033893585,2
14958,173662.046875,0.012024360708892345,0.2575298547744751,0.7199080586433411,0.010537711903452873,2
15006,174219.3125,0.06940166652202606,0.05555462837219238,0.8676266074180603,0.007417089305818081,2
15042,174637.28125,0.10484915971755981,0.3992609977722168,0.2008829414844513,0.2950069308280945,1
15054,174776.59375,0.04978594183921814,0.05715221166610718,0.8849468231201172,0.008115059696137905,2
15101,175322.265625,0.012048250064253807,0.10973571240901947,0.8674818277359009,0.01073423121124506,2
15102,175333.875,0.011305272579193115,0.018611188977956772,0.9602761268615723,0.009807426482439041,2
15125,175600.90625,0.49836036562919617,0.3128422796726227,0.13416296243667603,0.0546344518661499,0
15149,175879.546875,0.008423066698014736,0.07830627262592316,0.9056527018547058,0.007617960684001446,2
15150,175891.15625,0.006778435781598091,0.09095721691846848,0.8942810297012329,0.007983282208442688,2
15161,176018.859375,0.7696714997291565,0.13292482495307922,0.0510283000767231,0.04637536033987999,0
15173,176158.1875,0.16709740459918976,0.024853790178894997,0.015143570490181446,0.7929052114486694,3
15197,176436.828125,0.11658220738172531,0.18428556621074677,0.6877542734146118,0.0113779092207551,2
15222,176727.078125,0.0095249954611063,0.00919242575764656,0.9721589684486389,0.009123568423092365,2
15245,176994.109375,0.07750444859266281,0.16459228098392487,0.746695876121521,0.011207425966858864,2
15293,177551.375,0.008196142502129078,0.05139925703406334,0.931506872177124,0.008897647261619568,2
15340,178097.046875,0.007244945969432592,0.8983184099197388,0.08439715206623077,0.010039478540420532,1
15341,178108.65625,0.010330711491405964,0.14193788170814514,0.8371636271476746,0.01056775264441967,2
15365,178387.296875,0.33671364188194275,0.047201115638017654,0.1255747526884079,0.4905104637145996,3
15389,178665.9375,0.4560912847518921,0.24151122570037842,0.2892245948314667,0.013172920793294907,0
15436,179211.609375,0.6050388813018799,0.34218740463256836,0.043499886989593506,0.009273802861571312,0
15437,179223.21875,0.22867928445339203,0.22967016696929932,0.5278977751731873,0.013752810657024384,2
15484,179768.890625,0.013786058872938156,0.5197563767433167,0.4503215551376343,0.01613605208694935,1
15485,179780.5,0.010913001373410225,0.03866288810968399,0.940854012966156,0.009570109657943249,2
15508,180047.53125,0.12379452586174011,0.7538153529167175,0.09910496324300766,0.023285144940018654,1
15532,180326.171875,0.010239208117127419,0.03439896181225777,0.9458983540534973,0.009463513270020485,2
15544,180465.484375,0.6784376502037048,0.22614410519599915,0.07839692384004593,0.017021365463733673,0
15556,180604.8125,0.465885728597641,0.08192208409309387,0.04232539236545563,0.4098667800426483,0
15580,180883.453125,0.4213275909423828,0.3194813132286072,0.24679815769195557,0.012392908334732056,0
15604,181162.078125,0.009226059541106224,0.036171309649944305,0.9457007646560669,0.008901783265173435,2
15628,181440.71875,0.1103842481970787,0.09041129052639008,0.7888867259025574,0.010317728854715824,2
15676,181998.0,0.010546102188527584,0.02201705053448677,0.9568804502487183,0.010556334629654884,2
15724,182555.28125,0.012114765122532845,0.14621080458164215,0.8309237957000732,0.01075054332613945,2
15735,182683.0,0.7097617387771606,0.22516508400440216,0.02286277897655964,0.0422104187309742,0
15771,183100.953125,0.32970917224884033,0.18655318021774292,0.47221601009368896,0.01152169518172741,2
15796,183391.203125,0.01681654155254364,0.023115061223506927,0.052238598465919495,0.9078298211097717,3
15819,183658.234375,0.4423339068889618,0.2920899987220764,0.2533220946788788,0.01225394755601883,0
15843,183936.875,0.4388194978237152,0.28614944219589233,0.04125427454710007,0.2337767630815506,0
15867,184215.515625,0.012590659782290459,0.15027204155921936,0.8262230157852173,0.010914220474660397,2
15891,184494.15625,0.043503034859895706,0.10830330103635788,0.8257809281349182,0.022412773221731186,2
15915,184772.796875,0.009246018715202808,0.01775997318327427,0.9613441228866577,0.01164986565709114,2
15927,184912.109375,0.007768564857542515,0.010732557624578476,0.9643898010253906,0.017109066247940063,2
15939,185051.421875,0.008834936656057835,0.009300367906689644,0.9492339491844177,0.03263083100318909,2
15986,185597.09375,0.008937916718423367,0.009267118759453297,0.966662585735321,0.015132427215576172,2
16083,186723.265625,0.041480377316474915,0.03633499518036842,0.9034282565116882,0.01875629648566246,2
16106,186990.296875,0.014212775975465775,0.49048900604248047,0.47905072569847107,0.016247538849711418,1
16154,187547.578125,0.0156269408762455,0.27891501784324646,0.6876363754272461,0.017821703106164932,2
16202,188104.859375,0.021731678396463394,0.14211434125900269,0.8210484385490417,0.015105532482266426,2
16250,188662.125,0.01563558727502823,0.44689512252807617,0.5020997524261475,0.03536948561668396,2
16298,189219.40625,0.009040667675435543,0.008682877756655216,0.9727994203567505,0.009477104991674423,2
16310,189358.734375,0.02532457932829857,0.06172443553805351,0.9025884866714478,0.01036246307194233,2
16346,189776.6875,0.40704888105392456,0.323874294757843,0.23854494094848633,0.030531875789165497,0
16393,190322.359375,0.7944768667221069,0.16574540734291077,0.03152734786272049,0.008250398561358452,0
16394,190333.96875,0.7047151923179626,0.04649689793586731,0.23389068245887756,0.014897294342517853,0
16417,190601.0,0.7657724618911743,0.19278545677661896,0.034196142107248306,0.007245867513120174,0
16418,190612.609375,0.5493486523628235,0.12530939280986786,0.3104883134365082,0.014853640459477901,0
16441,190879.640625,0.49424901604652405,0.07714354991912842,0.4144846498966217,0.01412283070385456,0
16465,191158.28125,0.549968421459198,0.3120209276676178,0.11468708515167236,0.023323532193899155,0
16489,191436.921875,0.0160965733230114,0.6138768792152405,0.35347411036491394,0.0165523961186409,1
16501,191576.234375,0.2382325530052185,0.35474926233291626,0.36741286516189575,0.03960532322525978,2
16513,191715.5625,0.3464316427707672,0.07862073928117752,0.5556120872497559,0.01933552697300911,2
16537,191994.203125,0.24970802664756775,0.3146705627441406,0.42108070850372314,0.014540722593665123,2
16538,192005.796875,0.07139348238706589,0.08769946545362473,0.8274174928665161,0.013489575125277042,2
16561,192272.828125,0.012699166312813759,0.0180271714925766,0.9583702683448792,0.010903380811214447,2
16585,192551.46875,0.27860400080680847,0.27255523204803467,0.4319782257080078,0.016862591728568077,2
16633,193108.75,0.007009054534137249,0.11693549156188965,0.8628891706466675,0.013166246935725212,2
16681,193666.03125,0.01028000470250845,0.009857337921857834,0.9689717888832092,0.01089091133326292,2
16728,194211.703125,0.3023473620414734,0.11385653167963028,0.5703604221343994,0.01343570463359356,2
16729,194223.3125,0.35246923565864563,0.16947485506534576,0.4612990617752075,0.01675684191286564,2
16753,194501.953125,0.01002440880984068,0.009477968327701092,0.9644960761070251,0.016001546755433083,2
16776,194768.984375,0.49662864208221436,0.11576778441667557,0.3734619915485382,0.014141636900603771,0
16777,194780.59375,0.05519662797451019,0.022416621446609497,0.9131787419319153,0.009208021685481071,2
16800,195047.625,0.6444705724716187,0.1767577826976776,0.16595283150672913,0.012818840332329273,0
16824,195326.265625,0.009653106331825256,0.6691097617149353,0.3056958019733429,0.015541307628154755,1
16830,195395.921875,0.008480025455355644,0.9635653495788574,0.019562307745218277,0.008392319083213806,1
16836,195465.578125,0.010212997905910015,0.9681550860404968,0.012798882089555264,0.008833013474941254,1
16842,195535.234375,0.010531628504395485,0.9707050919532776,0.010452287271618843,0.008310988545417786,1
16872,195883.546875,0.013689474202692509,0.23583538830280304,0.7353194355964661,0.015155723318457603,2
16884,196022.859375,0.04352067783474922,0.03199956938624382,0.9110519289970398,0.013427888974547386,2
16920,196440.8125,0.18920166790485382,0.28479963541030884,0.5110040903091431,0.014994621276855469,2
16944,196719.453125,0.011416920460760593,0.0158863365650177,0.9658052921295166,0.006891433149576187,2
16968,196998.09375,0.5392625331878662,0.21059688925743103,0.23091617226600647,0.019224422052502632,0
17015,197543.765625,0.012871215119957924,0.5911203622817993,0.38272184133529663,0.013286538422107697,1
17016,197555.375,0.016771547496318817,0.8331792950630188,0.12972572445869446,0.020323380827903748,1
17063,198101.046875,0.012161871418356895,0.1590038686990738,0.8160253167152405,0.01280894409865141,2
17064,198112.65625,0.009144008159637451,0.009724876843392849,0.9711456894874573,0.009985413402318954,2
17075,198240.359375,0.10690237581729889,0.13038288056850433,0.7414239048957825,0.021290844306349754,2
17087,198379.6875,0.251775324344635,0.034471672028303146,0.013734887354075909,0.7000181674957275,3
17111,198658.328125,0.43256568908691406,0.2919519245624542,0.262098491191864,0.013383867219090462,0
17135,198936.96875,0.011364900507032871,0.03711557760834694,0.9418365955352783,0.00968296080827713,2
17159,199215.609375,0.6413922905921936,0.24751296639442444,0.09810861945152283,0.012986112385988235,0
17207,199772.875,0.009920119307935238,0.040186621248722076,0.9380167722702026,0.011876508593559265,2
17255,200330.15625,0.013611462898552418,0.16699232161045074,0.8062410950660706,0.01315509807318449,2
17303,200887.4375,0.4897141456604004,0.17320206761360168,0.3211321234703064,0.01595163531601429,0
17374,201711.75,0.3874532878398895,0.2953014671802521,0.07971711456775665,0.23752811551094055,0
17398,201990.390625,0.012192439287900925,0.3561397194862366,0.6182130575180054,0.01345473900437355,2
17422,202269.03125,0.16527359187602997,0.06122150644659996,0.7631096243858337,0.010395227931439877,2
17458,202686.984375,0.038314398378133774,0.0406673364341259,0.9110254049301147,0.009992877952754498,2
17470,202826.3125,0.1460956186056137,0.034467633813619614,0.807055652141571,0.012381131760776043,2
17494,203104.953125,0.04580414667725563,0.06875404715538025,0.8760184645652771,0.00942336767911911,2
17542,203662.21875,0.07195615768432617,0.033084820955991745,0.8867363333702087,0.008222710341215134,2
17566,203940.859375,0.07130459696054459,0.062272801995277405,0.8547987937927246,0.011623837985098362,2
